{"cameraMode":{"drawMode":0,"name":"Shaded","section":"Shading Mode"},"sceneLighting":false,"audioPlay":false,"sceneViewState":{"showFog":true,"showMaterialUpdate":false,"showSkybox":false,"showFlares":true,"showImageEffects":true,"showParticleSystems":true,"showVisualEffectGraphs":true,"m_FxEnabled":true},"in2DMode":false,"pivot":{"x":0.3297581672668457,"y":-0.24606382846832276,"z":-6.019999980926514},"rotation":{"x":-0.08864670991897583,"y":0.03196493536233902,"z":-0.0028453110717236997,"w":-0.9955400824546814},"size":1.5066012144088746,"orthographic":false}