{"cameraMode":{"drawMode":0,"name":"Shaded","section":"Shading Mode"},"sceneLighting":true,"audioPlay":false,"sceneViewState":{"showFog":true,"showMaterialUpdate":false,"showSkybox":true,"showFlares":true,"showImageEffects":true,"showParticleSystems":true},"in2DMode":false,"pivot":{"x":-0.08019193261861801,"y":3.6760239601135256,"z":-2.953660249710083},"rotation":{"x":-0.32759329676628115,"y":0.558283805847168,"z":-0.25456666946411135,"w":-0.7184569239616394},"size":8.317895889282227,"orthographic":false}