{"cameraMode":{"drawMode":0,"name":"Shaded","section":"Shading Mode"},"sceneLighting":false,"audioPlay":false,"sceneViewState":{"showFog":true,"showMaterialUpdate":false,"showSkybox":true,"showFlares":true,"showImageEffects":true,"showParticleSystems":true},"in2DMode":false,"pivot":{"x":2.447286367416382,"y":0.6666539311408997,"z":1.1439001560211182},"rotation":{"x":-0.19255422055721284,"y":0.02266092039644718,"z":-0.004504960961639881,"w":-0.9810541868209839},"size":15.902883529663086,"orthographic":false}