{"cameraMode":{"drawMode":0,"name":"Shaded","section":"Shading Mode"},"sceneLighting":false,"audioPlay":false,"sceneViewState":{"showFog":true,"showMaterialUpdate":false,"showSkybox":true,"showFlares":true,"showImageEffects":true,"showParticleSystems":true},"in2DMode":false,"pivot":{"x":0.08670837432146073,"y":-2.597648859024048,"z":5.752184867858887},"rotation":{"x":-0.19105757772922517,"y":-0.028865942731499673,"z":0.005536858458071947,"w":-0.9811947345733643},"size":11.25088119506836,"orthographic":false}