{"cameraMode":{"drawMode":0,"name":"Shaded","section":"Shading Mode"},"sceneLighting":true,"audioPlay":false,"sceneViewState":{"showFog":true,"showMaterialUpdate":false,"showSkybox":true,"showFlares":true,"showImageEffects":true,"showParticleSystems":true,"showVisualEffectGraphs":true,"m_FxEnabled":true},"in2DMode":false,"pivot":{"x":0.08831889182329178,"y":0.0334988497197628,"z":-1.1174594163894654},"rotation":{"x":0.3186717629432678,"y":0.21387642621994019,"z":-0.07399705052375794,"w":0.9203759431838989},"size":1.670602798461914,"orthographic":false}