{"cameraMode":{"drawMode":0,"name":"Shaded","section":"Shading Mode"},"sceneLighting":true,"audioPlay":false,"sceneViewState":{"showFog":true,"showMaterialUpdate":false,"showSkybox":true,"showFlares":true,"showImageEffects":true,"showParticleSystems":true,"showVisualEffectGraphs":true,"m_FxEnabled":true},"in2DMode":false,"pivot":{"x":0.08831889182329178,"y":0.0334988497197628,"z":-1.1174594163894654},"rotation":{"x":-0.010008043609559536,"y":0.19257918000221253,"z":0.0019152159802615643,"w":0.9811707735061646},"size":1.9706027507781983,"orthographic":false}